08-22-17,8:30 AM,9:25 AM,Math Studies Grade 11
08-23-17,10:45 AM,11:45 AM,Math Studies Grade 11
08-25-17,8:30 AM,9:25 AM,Math Studies Grade 11
08-28-17,10:45 AM,11:45 AM,Math Studies Grade 11
08-29-17,1:40 PM,2:35 PM,Math Studies Grade 11
08-31-17,10:45 AM,11:45 AM,Math Studies Grade 11
09-14-17,10:45 AM,11:45 AM,Math Studies Grade 11
09-15-17,1:40 PM,2:35 PM,Math Studies Grade 11
09-19-17,8:30 AM,9:25 AM,Math Studies Grade 11
09-20-17,10:45 AM,11:45 AM,Math Studies Grade 11
09-22-17,8:30 AM,9:25 AM,Math Studies Grade 11
09-25-17,10:45 AM,11:45 AM,Math Studies Grade 11
09-26-17,1:40 PM,2:35 PM,Math Studies Grade 11
09-28-17,10:45 AM,11:45 AM,Math Studies Grade 11
09-29-17,1:40 PM,2:35 PM,Math Studies Grade 11
10-13-17,1:40 PM,2:35 PM,Math Studies Grade 11
10-24-17,8:30 AM,9:25 AM,Math Studies Grade 11
10-25-17,10:45 AM,11:45 AM,Math Studies Grade 11
10-27-17,8:30 AM,9:25 AM,Math Studies Grade 11
10-30-17,10:45 AM,11:45 AM,Math Studies Grade 11
10-31-17,1:40 PM,2:35 PM,Math Studies Grade 11
11-13-17,10:45 AM,11:45 AM,Math Studies Grade 11
11-14-17,1:40 PM,2:35 PM,Math Studies Grade 11
11-16-17,10:45 AM,11:45 AM,Math Studies Grade 11
11-17-17,1:40 PM,2:35 PM,Math Studies Grade 11
11-21-17,8:30 AM,9:25 AM,Math Studies Grade 11
11-22-17,10:45 AM,11:45 AM,Math Studies Grade 11
11-28-17,1:40 PM,2:35 PM,Math Studies Grade 11
11-30-17,10:45 AM,11:45 AM,Math Studies Grade 11
12-14-17,10:45 AM,11:45 AM,Math Studies Grade 11
12-15-17,1:40 PM,2:35 PM,Math Studies Grade 11
01-15-18,10:45 AM,11:45 AM,Math Studies Grade 11
01-16-18,1:40 PM,2:35 PM,Math Studies Grade 11
01-18-18,10:45 AM,11:45 AM,Math Studies Grade 11
01-19-18,1:40 PM,2:35 PM,Math Studies Grade 11
01-23-18,8:30 AM,9:25 AM,Math Studies Grade 11
01-24-18,10:45 AM,11:45 AM,Math Studies Grade 11
01-26-18,8:30 AM,9:25 AM,Math Studies Grade 11
01-09-18,8:30 AM,9:25 AM,Math Studies Grade 11
01-10-18,10:45 AM,11:45 AM,Math Studies Grade 11
01-12-18,8:30 AM,9:25 AM,Math Studies Grade 11
09-01-17,1:40 PM,2:35 PM,Math Studies Grade 11
09-05-17,8:30 AM,9:25 AM,Math Studies Grade 11
09-06-17,10:45 AM,11:45 AM,Math Studies Grade 11
09-08-17,8:30 AM,9:25 AM,Math Studies Grade 11
09-11-17,10:45 AM,11:45 AM,Math Studies Grade 11
09-12-17,1:40 PM,2:35 PM,Math Studies Grade 11
10-03-17,8:30 AM,9:25 AM,Math Studies Grade 11
10-04-17,10:45 AM,11:45 AM,Math Studies Grade 11
10-06-17,8:30 AM,9:25 AM,Math Studies Grade 11
10-09-17,10:45 AM,11:45 AM,Math Studies Grade 11
10-10-17,1:40 PM,2:35 PM,Math Studies Grade 11
10-12-17,10:45 AM,11:45 AM,Math Studies Grade 11
11-02-17,10:45 AM,11:45 AM,Math Studies Grade 11
11-03-17,1:40 PM,2:35 PM,Math Studies Grade 11
11-07-17,8:30 AM,9:25 AM,Math Studies Grade 11
11-08-17,10:45 AM,11:45 AM,Math Studies Grade 11
12-01-17,1:40 PM,2:35 PM,Math Studies Grade 11
12-05-17,8:30 AM,9:25 AM,Math Studies Grade 11
12-06-17,10:45 AM,11:45 AM,Math Studies Grade 11
12-08-17,8:30 AM,9:25 AM,Math Studies Grade 11
12-11-17,10:45 AM,11:45 AM,Math Studies Grade 11
12-12-17,1:40 PM,2:35 PM,Math Studies Grade 11
08-22-17,1:40 PM,2:35 PM,Math Studies Grade 12
08-24-17,10:45 AM,11:45 AM,Math Studies Grade 12
08-29-17,8:30 AM,9:25 AM,Math Studies Grade 12
08-30-17,10:45 AM,11:45 AM,Math Studies Grade 12
09-13-17,10:45 AM,11:45 AM,Math Studies Grade 12
09-15-17,8:30 AM,9:25 AM,Math Studies Grade 12
09-18-17,10:45 AM,11:45 AM,Math Studies Grade 12
09-19-17,1:40 PM,2:35 PM,Math Studies Grade 12
09-21-17,10:45 AM,11:45 AM,Math Studies Grade 12
09-26-17,8:30 AM,9:25 AM,Math Studies Grade 12
09-27-17,10:45 AM,11:45 AM,Math Studies Grade 12
09-29-17,8:30 AM,9:25 AM,Math Studies Grade 12
10-13-17,8:30 AM,9:25 AM,Math Studies Grade 12
10-23-17,10:45 AM,11:45 AM,Math Studies Grade 12
10-24-17,1:40 PM,2:35 PM,Math Studies Grade 12
10-26-17,10:45 AM,11:45 AM,Math Studies Grade 12
10-31-17,8:30 AM,9:25 AM,Math Studies Grade 12
11-14-17,8:30 AM,9:25 AM,Math Studies Grade 12
11-15-17,10:45 AM,11:45 AM,Math Studies Grade 12
11-17-17,8:30 AM,9:25 AM,Math Studies Grade 12
11-20-17,10:45 AM,11:45 AM,Math Studies Grade 12
11-21-17,1:40 PM,2:35 PM,Math Studies Grade 12
11-28-17,8:30 AM,9:25 AM,Math Studies Grade 12
11-29-17,10:45 AM,11:45 AM,Math Studies Grade 12
12-13-17,10:45 AM,11:45 AM,Math Studies Grade 12
12-15-17,8:30 AM,9:25 AM,Math Studies Grade 12
01-16-18,8:30 AM,9:25 AM,Math Studies Grade 12
01-17-18,10:45 AM,11:45 AM,Math Studies Grade 12
01-19-18,8:30 AM,9:25 AM,Math Studies Grade 12
01-22-18,10:45 AM,11:45 AM,Math Studies Grade 12
01-23-18,1:40 PM,2:35 PM,Math Studies Grade 12
01-25-18,10:45 AM,11:45 AM,Math Studies Grade 12
01-09-18,1:40 PM,2:35 PM,Math Studies Grade 12
01-11-18,10:45 AM,11:45 AM,Math Studies Grade 12
09-01-17,8:30 AM,9:25 AM,Math Studies Grade 12
09-04-17,10:45 AM,11:45 AM,Math Studies Grade 12
09-05-17,1:40 PM,2:35 PM,Math Studies Grade 12
09-07-17,10:45 AM,11:45 AM,Math Studies Grade 12
09-12-17,8:30 AM,9:25 AM,Math Studies Grade 12
10-02-17,10:45 AM,11:45 AM,Math Studies Grade 12
10-03-17,1:40 PM,2:35 PM,Math Studies Grade 12
10-05-17,10:45 AM,11:45 AM,Math Studies Grade 12
10-10-17,8:30 AM,9:25 AM,Math Studies Grade 12
10-11-17,10:45 AM,11:45 AM,Math Studies Grade 12
11-01-17,10:45 AM,11:45 AM,Math Studies Grade 12
11-03-17,8:30 AM,9:25 AM,Math Studies Grade 12
11-06-17,10:45 AM,11:45 AM,Math Studies Grade 12
11-07-17,1:40 PM,2:35 PM,Math Studies Grade 12
11-09-17,10:45 AM,11:45 AM,Math Studies Grade 12
12-01-17,8:30 AM,9:25 AM,Math Studies Grade 12
12-04-17,10:45 AM,11:45 AM,Math Studies Grade 12
12-05-17,1:40 PM,2:35 PM,Math Studies Grade 12
12-07-17,10:45 AM,11:45 AM,Math Studies Grade 12
12-12-17,8:30 AM,9:25 AM,Math Studies Grade 12
08-22-17,10:45 AM,11:45 AM,Mathematics Grade 6
08-24-17,8:30 AM,9:25 AM,Mathematics Grade 6
08-25-17,10:45 AM,11:45 AM,Mathematics Grade 6
08-28-17,1:40 PM,2:35 PM,Mathematics Grade 6
08-30-17,8:30 AM,9:25 AM,Mathematics Grade 6
08-31-17,1:40 PM,2:35 PM,Mathematics Grade 6
09-13-17,8:30 AM,9:25 AM,Mathematics Grade 6
09-14-17,1:40 PM,2:35 PM,Mathematics Grade 6
09-18-17,8:30 AM,9:25 AM,Mathematics Grade 6
09-19-17,10:45 AM,11:45 AM,Mathematics Grade 6
09-21-17,8:30 AM,9:25 AM,Mathematics Grade 6
09-22-17,10:45 AM,11:45 AM,Mathematics Grade 6
09-25-17,1:40 PM,2:35 PM,Mathematics Grade 6
09-27-17,8:30 AM,9:25 AM,Mathematics Grade 6
09-28-17,1:40 PM,2:35 PM,Mathematics Grade 6
10-23-17,8:30 AM,9:25 AM,Mathematics Grade 6
10-24-17,10:45 AM,11:45 AM,Mathematics Grade 6
10-26-17,8:30 AM,9:25 AM,Mathematics Grade 6
10-27-17,10:45 AM,11:45 AM,Mathematics Grade 6
10-30-17,1:40 PM,2:35 PM,Mathematics Grade 6
11-13-17,1:40 PM,2:35 PM,Mathematics Grade 6
11-15-17,8:30 AM,9:25 AM,Mathematics Grade 6
11-16-17,1:40 PM,2:35 PM,Mathematics Grade 6
11-20-17,8:30 AM,9:25 AM,Mathematics Grade 6
11-21-17,10:45 AM,11:45 AM,Mathematics Grade 6
11-29-17,8:30 AM,9:25 AM,Mathematics Grade 6
11-30-17,1:40 PM,2:35 PM,Mathematics Grade 6
12-13-17,8:30 AM,9:25 AM,Mathematics Grade 6
12-14-17,1:40 PM,2:35 PM,Mathematics Grade 6
01-15-18,1:40 PM,2:35 PM,Mathematics Grade 6
01-17-18,8:30 AM,9:25 AM,Mathematics Grade 6
01-18-18,1:40 PM,2:35 PM,Mathematics Grade 6
01-22-18,8:30 AM,9:25 AM,Mathematics Grade 6
01-23-18,10:45 AM,11:45 AM,Mathematics Grade 6
01-25-18,8:30 AM,9:25 AM,Mathematics Grade 6
01-26-18,10:45 AM,11:45 AM,Mathematics Grade 6
01-09-18,10:45 AM,11:45 AM,Mathematics Grade 6
01-11-18,8:30 AM,9:25 AM,Mathematics Grade 6
01-12-18,10:45 AM,11:45 AM,Mathematics Grade 6
09-04-17,8:30 AM,9:25 AM,Mathematics Grade 6
09-05-17,10:45 AM,11:45 AM,Mathematics Grade 6
09-07-17,8:30 AM,9:25 AM,Mathematics Grade 6
09-08-17,10:45 AM,11:45 AM,Mathematics Grade 6
09-11-17,1:40 PM,2:35 PM,Mathematics Grade 6
10-02-17,8:30 AM,9:25 AM,Mathematics Grade 6
10-03-17,10:45 AM,11:45 AM,Mathematics Grade 6
10-05-17,8:30 AM,9:25 AM,Mathematics Grade 6
10-06-17,10:45 AM,11:45 AM,Mathematics Grade 6
10-09-17,1:40 PM,2:35 PM,Mathematics Grade 6
10-11-17,8:30 AM,9:25 AM,Mathematics Grade 6
10-12-17,1:40 PM,2:35 PM,Mathematics Grade 6
11-01-17,8:30 AM,9:25 AM,Mathematics Grade 6
11-02-17,1:40 PM,2:35 PM,Mathematics Grade 6
11-06-17,8:30 AM,9:25 AM,Mathematics Grade 6
11-07-17,10:45 AM,11:45 AM,Mathematics Grade 6
11-09-17,8:30 AM,9:25 AM,Mathematics Grade 6
12-04-17,8:30 AM,9:25 AM,Mathematics Grade 6
12-05-17,10:45 AM,11:45 AM,Mathematics Grade 6
12-07-17,8:30 AM,9:25 AM,Mathematics Grade 6
12-08-17,10:45 AM,11:45 AM,Mathematics Grade 6
12-11-17,1:40 PM,2:35 PM,Mathematics Grade 6
08-22-17,9:25 AM,10:20 AM,Mathematics Grade 7
08-23-17,11:45 AM,12:45 PM,Mathematics Grade 7
08-25-17,9:25 AM,10:20 AM,Mathematics Grade 7
08-28-17,11:45 AM,12:45 PM,Mathematics Grade 7
08-29-17,2:35 PM,3:30 PM,Mathematics Grade 7
08-31-17,11:45 AM,12:45 PM,Mathematics Grade 7
09-14-17,11:45 AM,12:45 PM,Mathematics Grade 7
09-15-17,2:35 PM,3:30 PM,Mathematics Grade 7
09-19-17,9:25 AM,10:20 AM,Mathematics Grade 7
09-20-17,11:45 AM,12:45 PM,Mathematics Grade 7
09-22-17,9:25 AM,10:20 AM,Mathematics Grade 7
09-25-17,11:45 AM,12:45 PM,Mathematics Grade 7
09-26-17,2:35 PM,3:30 PM,Mathematics Grade 7
09-28-17,11:45 AM,12:45 PM,Mathematics Grade 7
09-29-17,2:35 PM,3:30 PM,Mathematics Grade 7
10-13-17,2:35 PM,3:30 PM,Mathematics Grade 7
10-24-17,9:25 AM,10:20 AM,Mathematics Grade 7
10-25-17,11:45 AM,12:45 PM,Mathematics Grade 7
10-27-17,9:25 AM,10:20 AM,Mathematics Grade 7
10-30-17,11:45 AM,12:45 PM,Mathematics Grade 7
10-31-17,2:35 PM,3:30 PM,Mathematics Grade 7
11-13-17,11:45 AM,12:45 PM,Mathematics Grade 7
11-14-17,2:35 PM,3:30 PM,Mathematics Grade 7
11-16-17,11:45 AM,12:45 PM,Mathematics Grade 7
11-17-17,2:35 PM,3:30 PM,Mathematics Grade 7
11-21-17,9:25 AM,10:20 AM,Mathematics Grade 7
11-22-17,11:45 AM,12:45 PM,Mathematics Grade 7
11-28-17,2:35 PM,3:30 PM,Mathematics Grade 7
11-30-17,11:45 AM,12:45 PM,Mathematics Grade 7
12-14-17,11:45 AM,12:45 PM,Mathematics Grade 7
12-15-17,2:35 PM,3:30 PM,Mathematics Grade 7
01-15-18,11:45 AM,12:45 PM,Mathematics Grade 7
01-16-18,2:35 PM,3:30 PM,Mathematics Grade 7
01-18-18,11:45 AM,12:45 PM,Mathematics Grade 7
01-19-18,2:35 PM,3:30 PM,Mathematics Grade 7
01-23-18,9:25 AM,10:20 AM,Mathematics Grade 7
01-24-18,11:45 AM,12:45 PM,Mathematics Grade 7
01-26-18,9:25 AM,10:20 AM,Mathematics Grade 7
01-09-18,9:25 AM,10:20 AM,Mathematics Grade 7
01-10-18,11:45 AM,12:45 PM,Mathematics Grade 7
01-12-18,9:25 AM,10:20 AM,Mathematics Grade 7
09-01-17,2:35 PM,3:30 PM,Mathematics Grade 7
09-05-17,9:25 AM,10:20 AM,Mathematics Grade 7
09-06-17,11:45 AM,12:45 PM,Mathematics Grade 7
09-08-17,9:25 AM,10:20 AM,Mathematics Grade 7
09-11-17,11:45 AM,12:45 PM,Mathematics Grade 7
09-12-17,2:35 PM,3:30 PM,Mathematics Grade 7
10-03-17,9:25 AM,10:20 AM,Mathematics Grade 7
10-04-17,11:45 AM,12:45 PM,Mathematics Grade 7
10-06-17,9:25 AM,10:20 AM,Mathematics Grade 7
10-09-17,11:45 AM,12:45 PM,Mathematics Grade 7
10-10-17,2:35 PM,3:30 PM,Mathematics Grade 7
10-12-17,11:45 AM,12:45 PM,Mathematics Grade 7
11-02-17,11:45 AM,12:45 PM,Mathematics Grade 7
11-03-17,2:35 PM,3:30 PM,Mathematics Grade 7
11-07-17,9:25 AM,10:20 AM,Mathematics Grade 7
11-08-17,11:45 AM,12:45 PM,Mathematics Grade 7
12-01-17,2:35 PM,3:30 PM,Mathematics Grade 7
12-05-17,9:25 AM,10:20 AM,Mathematics Grade 7
12-06-17,11:45 AM,12:45 PM,Mathematics Grade 7
12-08-17,9:25 AM,10:20 AM,Mathematics Grade 7
12-11-17,11:45 AM,12:45 PM,Mathematics Grade 7
12-12-17,2:35 PM,3:30 PM,Mathematics Grade 7
08-23-17,9:25 AM,10:20 AM,Mathematics Standard Grade 9
08-24-17,2:35 PM,3:30 PM,Mathematics Standard Grade 9
08-28-17,9:25 AM,10:20 AM,Mathematics Standard Grade 9
08-29-17,11:45 AM,12:45 PM,Mathematics Standard Grade 9
08-31-17,9:25 AM,10:20 AM,Mathematics Standard Grade 9
09-14-17,9:25 AM,10:20 AM,Mathematics Standard Grade 9
09-15-17,11:45 AM,12:45 PM,Mathematics Standard Grade 9
09-18-17,2:35 PM,3:30 PM,Mathematics Standard Grade 9
09-20-17,9:25 AM,10:20 AM,Mathematics Standard Grade 9
09-21-17,2:35 PM,3:30 PM,Mathematics Standard Grade 9
09-25-17,9:25 AM,10:20 AM,Mathematics Standard Grade 9
09-26-17,11:45 AM,12:45 PM,Mathematics Standard Grade 9
09-28-17,9:25 AM,10:20 AM,Mathematics Standard Grade 9
09-29-17,11:45 AM,12:45 PM,Mathematics Standard Grade 9
10-13-17,11:45 AM,12:45 PM,Mathematics Standard Grade 9
10-23-17,2:35 PM,3:30 PM,Mathematics Standard Grade 9
10-25-17,9:25 AM,10:20 AM,Mathematics Standard Grade 9
10-26-17,2:35 PM,3:30 PM,Mathematics Standard Grade 9
10-30-17,9:25 AM,10:20 AM,Mathematics Standard Grade 9
10-31-17,11:45 AM,12:45 PM,Mathematics Standard Grade 9
11-13-17,9:25 AM,10:20 AM,Mathematics Standard Grade 9
11-14-17,11:45 AM,12:45 PM,Mathematics Standard Grade 9
11-16-17,9:25 AM,10:20 AM,Mathematics Standard Grade 9
11-17-17,11:45 AM,12:45 PM,Mathematics Standard Grade 9
11-20-17,2:35 PM,3:30 PM,Mathematics Standard Grade 9
11-22-17,9:25 AM,10:20 AM,Mathematics Standard Grade 9
11-28-17,11:45 AM,12:45 PM,Mathematics Standard Grade 9
11-30-17,9:25 AM,10:20 AM,Mathematics Standard Grade 9
12-14-17,9:25 AM,10:20 AM,Mathematics Standard Grade 9
12-15-17,11:45 AM,12:45 PM,Mathematics Standard Grade 9
01-15-18,9:25 AM,10:20 AM,Mathematics Standard Grade 9
01-16-18,11:45 AM,12:45 PM,Mathematics Standard Grade 9
01-18-18,9:25 AM,10:20 AM,Mathematics Standard Grade 9
01-19-18,11:45 AM,12:45 PM,Mathematics Standard Grade 9
01-22-18,2:35 PM,3:30 PM,Mathematics Standard Grade 9
01-24-18,9:25 AM,10:20 AM,Mathematics Standard Grade 9
01-25-18,2:35 PM,3:30 PM,Mathematics Standard Grade 9
01-10-18,9:25 AM,10:20 AM,Mathematics Standard Grade 9
01-11-18,2:35 PM,3:30 PM,Mathematics Standard Grade 9
09-01-17,11:45 AM,12:45 PM,Mathematics Standard Grade 9
09-04-17,2:35 PM,3:30 PM,Mathematics Standard Grade 9
09-06-17,9:25 AM,10:20 AM,Mathematics Standard Grade 9
09-07-17,2:35 PM,3:30 PM,Mathematics Standard Grade 9
09-11-17,9:25 AM,10:20 AM,Mathematics Standard Grade 9
09-12-17,11:45 AM,12:45 PM,Mathematics Standard Grade 9
10-02-17,2:35 PM,3:30 PM,Mathematics Standard Grade 9
10-04-17,9:25 AM,10:20 AM,Mathematics Standard Grade 9
10-05-17,2:35 PM,3:30 PM,Mathematics Standard Grade 9
10-09-17,9:25 AM,10:20 AM,Mathematics Standard Grade 9
10-10-17,11:45 AM,12:45 PM,Mathematics Standard Grade 9
10-12-17,9:25 AM,10:20 AM,Mathematics Standard Grade 9
11-02-17,9:25 AM,10:20 AM,Mathematics Standard Grade 9
11-03-17,11:45 AM,12:45 PM,Mathematics Standard Grade 9
11-06-17,2:35 PM,3:30 PM,Mathematics Standard Grade 9
11-08-17,9:25 AM,10:20 AM,Mathematics Standard Grade 9
11-09-17,2:35 PM,3:30 PM,Mathematics Standard Grade 9
12-01-17,11:45 AM,12:45 PM,Mathematics Standard Grade 9
12-04-17,2:35 PM,3:30 PM,Mathematics Standard Grade 9
12-06-17,9:25 AM,10:20 AM,Mathematics Standard Grade 9
12-07-17,2:35 PM,3:30 PM,Mathematics Standard Grade 9
12-11-17,9:25 AM,10:20 AM,Mathematics Standard Grade 9
12-12-17,11:45 AM,12:45 PM,Mathematics Standard Grade 9
09-19-18,9:25 AM,10:20 AM,Mathematics 13
